<?xml version="1.0" encoding="UTF-8"?>
<!DOCTYPE hibernate-configuration PUBLIC
        "-//Hibernate/Hibernate Configuration DTD 3.0//EN"
        "http://www.hibernate.org/dtd/hibernate-configuration-3.0.dtd">
<hibernate-configuration>
    <session-factory>
        <!-- JDBC Database connection settings -->
        <property name="dialect">org.hibernate.dialect.MySQLDialect</property>
        <property name="connection.driver_class">com.mysql.cj.jdbc.Driver</property>
        <property name="connection.url">jdbc:mysql://localhost:3306/restfourintern</property>
        <property name="connection.username">root</property>
        <property name="connection.password">Pulsar</property>
        <property name="show_sql">true</property>
        
        <property name="current_session_context_class">thread</property>
    	<property name="hbm2ddl.auto">update</property>
    </session-factory>
</hibernate-configuration>